﻿File name,Plain text,SSML
PolyGen Speech-0001,"Asterisk
","<!--ID=B7267351-473F-409D-9765-754A8EBCDE05;Version=1|{""VoiceNameToIdMapItems"":[{""Id"":""c08e4841-7cad-46b1-b4a7-93e996c7f5f9"",""Name"":""Microsoft Server Speech Text to Speech Voice (en-GB, BellaNeural)"",""ShortName"":""en-GB-BellaNeural"",""Locale"":""en-GB"",""VoiceType"":""StandardVoice""}]}-->
<!--ID=5B95B1CC-2C7B-494F-B746-CF22A0E779B7;Version=1|{""Locales"":{""en-GB"":{""AutoApplyCustomLexiconFiles"":[{}]},""de-DE"":{""AutoApplyCustomLexiconFiles"":[{}]}}}-->
<speak version=""1.0"" xmlns=""http://www.w3.org/2001/10/synthesis"" xmlns:mstts=""http://www.w3.org/2001/mstts"" xmlns:emo=""http://www.w3.org/2009/10/emotionml"" xml:lang=""en-GB""><voice name=""en-GB-BellaNeural"">Asterisk
</voice></speak>"
PolyGen Speech-0002,"Tilde
","<!--ID=B7267351-473F-409D-9765-754A8EBCDE05;Version=1|{""VoiceNameToIdMapItems"":[{""Id"":""c08e4841-7cad-46b1-b4a7-93e996c7f5f9"",""Name"":""Microsoft Server Speech Text to Speech Voice (en-GB, BellaNeural)"",""ShortName"":""en-GB-BellaNeural"",""Locale"":""en-GB"",""VoiceType"":""StandardVoice""}]}-->
<!--ID=5B95B1CC-2C7B-494F-B746-CF22A0E779B7;Version=1|{""Locales"":{""en-GB"":{""AutoApplyCustomLexiconFiles"":[{}]},""de-DE"":{""AutoApplyCustomLexiconFiles"":[{}]}}}-->
<speak version=""1.0"" xmlns=""http://www.w3.org/2001/10/synthesis"" xmlns:mstts=""http://www.w3.org/2001/mstts"" xmlns:emo=""http://www.w3.org/2009/10/emotionml"" xml:lang=""en-GB""><voice name=""en-GB-BellaNeural"">Tilde
</voice></speak>"
PolyGen Speech-0003,"Hash","<!--ID=B7267351-473F-409D-9765-754A8EBCDE05;Version=1|{""VoiceNameToIdMapItems"":[{""Id"":""c08e4841-7cad-46b1-b4a7-93e996c7f5f9"",""Name"":""Microsoft Server Speech Text to Speech Voice (en-GB, BellaNeural)"",""ShortName"":""en-GB-BellaNeural"",""Locale"":""en-GB"",""VoiceType"":""StandardVoice""}]}-->
<!--ID=5B95B1CC-2C7B-494F-B746-CF22A0E779B7;Version=1|{""Locales"":{""en-GB"":{""AutoApplyCustomLexiconFiles"":[{}]},""de-DE"":{""AutoApplyCustomLexiconFiles"":[{}]}}}-->
<speak version=""1.0"" xmlns=""http://www.w3.org/2001/10/synthesis"" xmlns:mstts=""http://www.w3.org/2001/mstts"" xmlns:emo=""http://www.w3.org/2009/10/emotionml"" xml:lang=""en-GB""><voice name=""en-GB-BellaNeural"">Hash</voice></speak>"