﻿File name,Plain text,SSML
PolyGen Speech-0001,"Yellow. Storey.
","<!--ID=B7267351-473F-409D-9765-754A8EBCDE05;Version=1|{""VoiceNameToIdMapItems"":[{""Id"":""865ed125-9b77-4022-bf44-142ca2522695"",""Name"":""Microsoft Server Speech Text to Speech Voice (en-GB, RyanNeural)"",""ShortName"":""en-GB-RyanNeural"",""Locale"":""en-GB"",""VoiceType"":""StandardVoice""}]}-->
<!--ID=5B95B1CC-2C7B-494F-B746-CF22A0E779B7;Version=1|{""Locales"":{""en-GB"":{""AutoApplyCustomLexiconFiles"":[{}]},""de-DE"":{""AutoApplyCustomLexiconFiles"":[{}]}}}-->
<speak version=""1.0"" xmlns=""http://www.w3.org/2001/10/synthesis"" xmlns:mstts=""http://www.w3.org/2001/mstts"" xmlns:emo=""http://www.w3.org/2009/10/emotionml"" xml:lang=""en-GB""><voice name=""en-GB-RyanNeural"">Yellow. Storey.
</voice></speak>"
PolyGen Speech-0002,"Blue. Mills.
","<!--ID=B7267351-473F-409D-9765-754A8EBCDE05;Version=1|{""VoiceNameToIdMapItems"":[{""Id"":""865ed125-9b77-4022-bf44-142ca2522695"",""Name"":""Microsoft Server Speech Text to Speech Voice (en-GB, RyanNeural)"",""ShortName"":""en-GB-RyanNeural"",""Locale"":""en-GB"",""VoiceType"":""StandardVoice""}]}-->
<!--ID=5B95B1CC-2C7B-494F-B746-CF22A0E779B7;Version=1|{""Locales"":{""en-GB"":{""AutoApplyCustomLexiconFiles"":[{}]},""de-DE"":{""AutoApplyCustomLexiconFiles"":[{}]}}}-->
<speak version=""1.0"" xmlns=""http://www.w3.org/2001/10/synthesis"" xmlns:mstts=""http://www.w3.org/2001/mstts"" xmlns:emo=""http://www.w3.org/2009/10/emotionml"" xml:lang=""en-GB""><voice name=""en-GB-RyanNeural"">Blue. Mills.
</voice></speak>"
PolyGen Speech-0003,"Red. Hamilton.
","<!--ID=B7267351-473F-409D-9765-754A8EBCDE05;Version=1|{""VoiceNameToIdMapItems"":[{""Id"":""865ed125-9b77-4022-bf44-142ca2522695"",""Name"":""Microsoft Server Speech Text to Speech Voice (en-GB, RyanNeural)"",""ShortName"":""en-GB-RyanNeural"",""Locale"":""en-GB"",""VoiceType"":""StandardVoice""}]}-->
<!--ID=5B95B1CC-2C7B-494F-B746-CF22A0E779B7;Version=1|{""Locales"":{""en-GB"":{""AutoApplyCustomLexiconFiles"":[{}]},""de-DE"":{""AutoApplyCustomLexiconFiles"":[{}]}}}-->
<speak version=""1.0"" xmlns=""http://www.w3.org/2001/10/synthesis"" xmlns:mstts=""http://www.w3.org/2001/mstts"" xmlns:emo=""http://www.w3.org/2009/10/emotionml"" xml:lang=""en-GB""><voice name=""en-GB-RyanNeural"">Red. Hamilton.
</voice></speak>"
PolyGen Speech-0004,"Green. Buxton.
","<!--ID=B7267351-473F-409D-9765-754A8EBCDE05;Version=1|{""VoiceNameToIdMapItems"":[{""Id"":""865ed125-9b77-4022-bf44-142ca2522695"",""Name"":""Microsoft Server Speech Text to Speech Voice (en-GB, RyanNeural)"",""ShortName"":""en-GB-RyanNeural"",""Locale"":""en-GB"",""VoiceType"":""StandardVoice""}]}-->
<!--ID=5B95B1CC-2C7B-494F-B746-CF22A0E779B7;Version=1|{""Locales"":{""en-GB"":{""AutoApplyCustomLexiconFiles"":[{}]},""de-DE"":{""AutoApplyCustomLexiconFiles"":[{}]}}}-->
<speak version=""1.0"" xmlns=""http://www.w3.org/2001/10/synthesis"" xmlns:mstts=""http://www.w3.org/2001/mstts"" xmlns:emo=""http://www.w3.org/2009/10/emotionml"" xml:lang=""en-GB""><voice name=""en-GB-RyanNeural"">Green. Buxton.
</voice></speak>"
PolyGen Speech-0005,"Redirecting power to Storey.
","<!--ID=B7267351-473F-409D-9765-754A8EBCDE05;Version=1|{""VoiceNameToIdMapItems"":[{""Id"":""865ed125-9b77-4022-bf44-142ca2522695"",""Name"":""Microsoft Server Speech Text to Speech Voice (en-GB, RyanNeural)"",""ShortName"":""en-GB-RyanNeural"",""Locale"":""en-GB"",""VoiceType"":""StandardVoice""}]}-->
<!--ID=5B95B1CC-2C7B-494F-B746-CF22A0E779B7;Version=1|{""Locales"":{""en-GB"":{""AutoApplyCustomLexiconFiles"":[{}]},""de-DE"":{""AutoApplyCustomLexiconFiles"":[{}]}}}-->
<speak version=""1.0"" xmlns=""http://www.w3.org/2001/10/synthesis"" xmlns:mstts=""http://www.w3.org/2001/mstts"" xmlns:emo=""http://www.w3.org/2009/10/emotionml"" xml:lang=""en-GB""><voice name=""en-GB-RyanNeural"">Redirecting power to Storey.
</voice></speak>"
PolyGen Speech-0006,"Redirecting power to Mills.
","<!--ID=B7267351-473F-409D-9765-754A8EBCDE05;Version=1|{""VoiceNameToIdMapItems"":[{""Id"":""865ed125-9b77-4022-bf44-142ca2522695"",""Name"":""Microsoft Server Speech Text to Speech Voice (en-GB, RyanNeural)"",""ShortName"":""en-GB-RyanNeural"",""Locale"":""en-GB"",""VoiceType"":""StandardVoice""}]}-->
<!--ID=5B95B1CC-2C7B-494F-B746-CF22A0E779B7;Version=1|{""Locales"":{""en-GB"":{""AutoApplyCustomLexiconFiles"":[{}]},""de-DE"":{""AutoApplyCustomLexiconFiles"":[{}]}}}-->
<speak version=""1.0"" xmlns=""http://www.w3.org/2001/10/synthesis"" xmlns:mstts=""http://www.w3.org/2001/mstts"" xmlns:emo=""http://www.w3.org/2009/10/emotionml"" xml:lang=""en-GB""><voice name=""en-GB-RyanNeural"">Redirecting power to Mills.
</voice></speak>"
PolyGen Speech-0007,"Redirecting power to Hamilton.
","<!--ID=B7267351-473F-409D-9765-754A8EBCDE05;Version=1|{""VoiceNameToIdMapItems"":[{""Id"":""865ed125-9b77-4022-bf44-142ca2522695"",""Name"":""Microsoft Server Speech Text to Speech Voice (en-GB, RyanNeural)"",""ShortName"":""en-GB-RyanNeural"",""Locale"":""en-GB"",""VoiceType"":""StandardVoice""}]}-->
<!--ID=5B95B1CC-2C7B-494F-B746-CF22A0E779B7;Version=1|{""Locales"":{""en-GB"":{""AutoApplyCustomLexiconFiles"":[{}]},""de-DE"":{""AutoApplyCustomLexiconFiles"":[{}]}}}-->
<speak version=""1.0"" xmlns=""http://www.w3.org/2001/10/synthesis"" xmlns:mstts=""http://www.w3.org/2001/mstts"" xmlns:emo=""http://www.w3.org/2009/10/emotionml"" xml:lang=""en-GB""><voice name=""en-GB-RyanNeural"">Redirecting power to Hamilton.
</voice></speak>"
PolyGen Speech-0008,"Redirecting power to Buxton.","<!--ID=B7267351-473F-409D-9765-754A8EBCDE05;Version=1|{""VoiceNameToIdMapItems"":[{""Id"":""865ed125-9b77-4022-bf44-142ca2522695"",""Name"":""Microsoft Server Speech Text to Speech Voice (en-GB, RyanNeural)"",""ShortName"":""en-GB-RyanNeural"",""Locale"":""en-GB"",""VoiceType"":""StandardVoice""}]}-->
<!--ID=5B95B1CC-2C7B-494F-B746-CF22A0E779B7;Version=1|{""Locales"":{""en-GB"":{""AutoApplyCustomLexiconFiles"":[{}]},""de-DE"":{""AutoApplyCustomLexiconFiles"":[{}]}}}-->
<speak version=""1.0"" xmlns=""http://www.w3.org/2001/10/synthesis"" xmlns:mstts=""http://www.w3.org/2001/mstts"" xmlns:emo=""http://www.w3.org/2009/10/emotionml"" xml:lang=""en-GB""><voice name=""en-GB-RyanNeural"">Redirecting power to Buxton.</voice></speak>"