﻿File name,Plain text,SSML
PolyGen Speech-0001,"Bringing generator control systems online
","<!--ID=B7267351-473F-409D-9765-754A8EBCDE05;Version=1|{""VoiceNameToIdMapItems"":[{""Id"":""865ed125-9b77-4022-bf44-142ca2522695"",""Name"":""Microsoft Server Speech Text to Speech Voice (en-GB, RyanNeural)"",""ShortName"":""en-GB-RyanNeural"",""Locale"":""en-GB"",""VoiceType"":""StandardVoice""}]}-->
<!--ID=5B95B1CC-2C7B-494F-B746-CF22A0E779B7;Version=1|{""Locales"":{""en-GB"":{""AutoApplyCustomLexiconFiles"":[{}]}}}-->
<speak version=""1.0"" xmlns=""http://www.w3.org/2001/10/synthesis"" xmlns:mstts=""http://www.w3.org/2001/mstts"" xmlns:emo=""http://www.w3.org/2009/10/emotionml"" xml:lang=""en-GB""><voice name=""en-GB-RyanNeural"">Bringing generator control systems online
</voice></speak>"
PolyGen Speech-0002,"Redirecting power to 
","<!--ID=B7267351-473F-409D-9765-754A8EBCDE05;Version=1|{""VoiceNameToIdMapItems"":[{""Id"":""865ed125-9b77-4022-bf44-142ca2522695"",""Name"":""Microsoft Server Speech Text to Speech Voice (en-GB, RyanNeural)"",""ShortName"":""en-GB-RyanNeural"",""Locale"":""en-GB"",""VoiceType"":""StandardVoice""}]}-->
<!--ID=5B95B1CC-2C7B-494F-B746-CF22A0E779B7;Version=1|{""Locales"":{""en-GB"":{""AutoApplyCustomLexiconFiles"":[{}]}}}-->
<speak version=""1.0"" xmlns=""http://www.w3.org/2001/10/synthesis"" xmlns:mstts=""http://www.w3.org/2001/mstts"" xmlns:emo=""http://www.w3.org/2009/10/emotionml"" xml:lang=""en-GB""><voice name=""en-GB-RyanNeural"">Redirecting power to 
</voice></speak>"
PolyGen Speech-0003,"Redirecting power to Nothing To See Here Industries
","<!--ID=B7267351-473F-409D-9765-754A8EBCDE05;Version=1|{""VoiceNameToIdMapItems"":[{""Id"":""865ed125-9b77-4022-bf44-142ca2522695"",""Name"":""Microsoft Server Speech Text to Speech Voice (en-GB, RyanNeural)"",""ShortName"":""en-GB-RyanNeural"",""Locale"":""en-GB"",""VoiceType"":""StandardVoice""}]}-->
<!--ID=5B95B1CC-2C7B-494F-B746-CF22A0E779B7;Version=1|{""Locales"":{""en-GB"":{""AutoApplyCustomLexiconFiles"":[{}]}}}-->
<speak version=""1.0"" xmlns=""http://www.w3.org/2001/10/synthesis"" xmlns:mstts=""http://www.w3.org/2001/mstts"" xmlns:emo=""http://www.w3.org/2009/10/emotionml"" xml:lang=""en-GB""><voice name=""en-GB-RyanNeural"">Redirecting power to Nothing To See Here Industries
</voice></speak>"
PolyGen Speech-0004,"Emerald. Nothing To See Here Industries.
","<!--ID=B7267351-473F-409D-9765-754A8EBCDE05;Version=1|{""VoiceNameToIdMapItems"":[{""Id"":""865ed125-9b77-4022-bf44-142ca2522695"",""Name"":""Microsoft Server Speech Text to Speech Voice (en-GB, RyanNeural)"",""ShortName"":""en-GB-RyanNeural"",""Locale"":""en-GB"",""VoiceType"":""StandardVoice""}]}-->
<!--ID=5B95B1CC-2C7B-494F-B746-CF22A0E779B7;Version=1|{""Locales"":{""en-GB"":{""AutoApplyCustomLexiconFiles"":[{}]}}}-->
<speak version=""1.0"" xmlns=""http://www.w3.org/2001/10/synthesis"" xmlns:mstts=""http://www.w3.org/2001/mstts"" xmlns:emo=""http://www.w3.org/2009/10/emotionml"" xml:lang=""en-GB""><voice name=""en-GB-RyanNeural"">Emerald. Nothing To See Here Industries.
</voice></speak>"
PolyGen Speech-0005,"Redirecting power to G F Y Corporation
","<!--ID=B7267351-473F-409D-9765-754A8EBCDE05;Version=1|{""VoiceNameToIdMapItems"":[{""Id"":""865ed125-9b77-4022-bf44-142ca2522695"",""Name"":""Microsoft Server Speech Text to Speech Voice (en-GB, RyanNeural)"",""ShortName"":""en-GB-RyanNeural"",""Locale"":""en-GB"",""VoiceType"":""StandardVoice""}]}-->
<!--ID=5B95B1CC-2C7B-494F-B746-CF22A0E779B7;Version=1|{""Locales"":{""en-GB"":{""AutoApplyCustomLexiconFiles"":[{}]}}}-->
<speak version=""1.0"" xmlns=""http://www.w3.org/2001/10/synthesis"" xmlns:mstts=""http://www.w3.org/2001/mstts"" xmlns:emo=""http://www.w3.org/2009/10/emotionml"" xml:lang=""en-GB""><voice name=""en-GB-RyanNeural"">Redirecting power to G F Y Corporation
</voice></speak>"
PolyGen Speech-0006,"Yellow. G F Y Corporation.
","<!--ID=B7267351-473F-409D-9765-754A8EBCDE05;Version=1|{""VoiceNameToIdMapItems"":[{""Id"":""865ed125-9b77-4022-bf44-142ca2522695"",""Name"":""Microsoft Server Speech Text to Speech Voice (en-GB, RyanNeural)"",""ShortName"":""en-GB-RyanNeural"",""Locale"":""en-GB"",""VoiceType"":""StandardVoice""}]}-->
<!--ID=5B95B1CC-2C7B-494F-B746-CF22A0E779B7;Version=1|{""Locales"":{""en-GB"":{""AutoApplyCustomLexiconFiles"":[{}]}}}-->
<speak version=""1.0"" xmlns=""http://www.w3.org/2001/10/synthesis"" xmlns:mstts=""http://www.w3.org/2001/mstts"" xmlns:emo=""http://www.w3.org/2009/10/emotionml"" xml:lang=""en-GB""><voice name=""en-GB-RyanNeural"">Yellow. G F Y Corporation.
</voice></speak>"
PolyGen Speech-0007,"Redirecting power to Malevolence Enterprises
","<!--ID=B7267351-473F-409D-9765-754A8EBCDE05;Version=1|{""VoiceNameToIdMapItems"":[{""Id"":""865ed125-9b77-4022-bf44-142ca2522695"",""Name"":""Microsoft Server Speech Text to Speech Voice (en-GB, RyanNeural)"",""ShortName"":""en-GB-RyanNeural"",""Locale"":""en-GB"",""VoiceType"":""StandardVoice""}]}-->
<!--ID=5B95B1CC-2C7B-494F-B746-CF22A0E779B7;Version=1|{""Locales"":{""en-GB"":{""AutoApplyCustomLexiconFiles"":[{}]}}}-->
<speak version=""1.0"" xmlns=""http://www.w3.org/2001/10/synthesis"" xmlns:mstts=""http://www.w3.org/2001/mstts"" xmlns:emo=""http://www.w3.org/2009/10/emotionml"" xml:lang=""en-GB""><voice name=""en-GB-RyanNeural"">Redirecting power to Malevolence Enterprises
</voice></speak>"
PolyGen Speech-0008,"Teal. Malevolence Enterprises.
","<!--ID=B7267351-473F-409D-9765-754A8EBCDE05;Version=1|{""VoiceNameToIdMapItems"":[{""Id"":""865ed125-9b77-4022-bf44-142ca2522695"",""Name"":""Microsoft Server Speech Text to Speech Voice (en-GB, RyanNeural)"",""ShortName"":""en-GB-RyanNeural"",""Locale"":""en-GB"",""VoiceType"":""StandardVoice""}]}-->
<!--ID=5B95B1CC-2C7B-494F-B746-CF22A0E779B7;Version=1|{""Locales"":{""en-GB"":{""AutoApplyCustomLexiconFiles"":[{}]}}}-->
<speak version=""1.0"" xmlns=""http://www.w3.org/2001/10/synthesis"" xmlns:mstts=""http://www.w3.org/2001/mstts"" xmlns:emo=""http://www.w3.org/2009/10/emotionml"" xml:lang=""en-GB""><voice name=""en-GB-RyanNeural"">Teal. Malevolence Enterprises.
</voice></speak>"
PolyGen Speech-0009,"Redirecting power to Nefaridyne Group.
","<!--ID=B7267351-473F-409D-9765-754A8EBCDE05;Version=1|{""VoiceNameToIdMapItems"":[{""Id"":""865ed125-9b77-4022-bf44-142ca2522695"",""Name"":""Microsoft Server Speech Text to Speech Voice (en-GB, RyanNeural)"",""ShortName"":""en-GB-RyanNeural"",""Locale"":""en-GB"",""VoiceType"":""StandardVoice""}]}-->
<!--ID=5B95B1CC-2C7B-494F-B746-CF22A0E779B7;Version=1|{""Locales"":{""en-GB"":{""AutoApplyCustomLexiconFiles"":[{}]}}}-->
<speak version=""1.0"" xmlns=""http://www.w3.org/2001/10/synthesis"" xmlns:mstts=""http://www.w3.org/2001/mstts"" xmlns:emo=""http://www.w3.org/2009/10/emotionml"" xml:lang=""en-GB""><voice name=""en-GB-RyanNeural"">Redirecting power to Nefaridyne Group.
</voice></speak>"
PolyGen Speech-0010,"Orange. Nefaridyne Group.
","<!--ID=B7267351-473F-409D-9765-754A8EBCDE05;Version=1|{""VoiceNameToIdMapItems"":[{""Id"":""865ed125-9b77-4022-bf44-142ca2522695"",""Name"":""Microsoft Server Speech Text to Speech Voice (en-GB, RyanNeural)"",""ShortName"":""en-GB-RyanNeural"",""Locale"":""en-GB"",""VoiceType"":""StandardVoice""}]}-->
<!--ID=5B95B1CC-2C7B-494F-B746-CF22A0E779B7;Version=1|{""Locales"":{""en-GB"":{""AutoApplyCustomLexiconFiles"":[{}]}}}-->
<speak version=""1.0"" xmlns=""http://www.w3.org/2001/10/synthesis"" xmlns:mstts=""http://www.w3.org/2001/mstts"" xmlns:emo=""http://www.w3.org/2009/10/emotionml"" xml:lang=""en-GB""><voice name=""en-GB-RyanNeural"">Orange. Nefaridyne Group.
</voice></speak>"
PolyGen Speech-0011,"You are already boosting output of this PolyGen unit.  Your visit was recorded.
","<!--ID=B7267351-473F-409D-9765-754A8EBCDE05;Version=1|{""VoiceNameToIdMapItems"":[{""Id"":""865ed125-9b77-4022-bf44-142ca2522695"",""Name"":""Microsoft Server Speech Text to Speech Voice (en-GB, RyanNeural)"",""ShortName"":""en-GB-RyanNeural"",""Locale"":""en-GB"",""VoiceType"":""StandardVoice""}]}-->
<!--ID=5B95B1CC-2C7B-494F-B746-CF22A0E779B7;Version=1|{""Locales"":{""en-GB"":{""AutoApplyCustomLexiconFiles"":[{}]}}}-->
<speak version=""1.0"" xmlns=""http://www.w3.org/2001/10/synthesis"" xmlns:mstts=""http://www.w3.org/2001/mstts"" xmlns:emo=""http://www.w3.org/2009/10/emotionml"" xml:lang=""en-GB""><voice name=""en-GB-RyanNeural"">You are already boosting output of this PolyGen unit.  Your visit was recorded.
</voice></speak>"
PolyGen Speech-0012,"Boosting output to 110%
","<!--ID=B7267351-473F-409D-9765-754A8EBCDE05;Version=1|{""VoiceNameToIdMapItems"":[{""Id"":""865ed125-9b77-4022-bf44-142ca2522695"",""Name"":""Microsoft Server Speech Text to Speech Voice (en-GB, RyanNeural)"",""ShortName"":""en-GB-RyanNeural"",""Locale"":""en-GB"",""VoiceType"":""StandardVoice""}]}-->
<!--ID=5B95B1CC-2C7B-494F-B746-CF22A0E779B7;Version=1|{""Locales"":{""en-GB"":{""AutoApplyCustomLexiconFiles"":[{}]}}}-->
<speak version=""1.0"" xmlns=""http://www.w3.org/2001/10/synthesis"" xmlns:mstts=""http://www.w3.org/2001/mstts"" xmlns:emo=""http://www.w3.org/2009/10/emotionml"" xml:lang=""en-GB""><voice name=""en-GB-RyanNeural"">Boosting output to 110%
</voice></speak>"
PolyGen Speech-0013,"Boosting output to 120%
","<!--ID=B7267351-473F-409D-9765-754A8EBCDE05;Version=1|{""VoiceNameToIdMapItems"":[{""Id"":""865ed125-9b77-4022-bf44-142ca2522695"",""Name"":""Microsoft Server Speech Text to Speech Voice (en-GB, RyanNeural)"",""ShortName"":""en-GB-RyanNeural"",""Locale"":""en-GB"",""VoiceType"":""StandardVoice""}]}-->
<!--ID=5B95B1CC-2C7B-494F-B746-CF22A0E779B7;Version=1|{""Locales"":{""en-GB"":{""AutoApplyCustomLexiconFiles"":[{}]}}}-->
<speak version=""1.0"" xmlns=""http://www.w3.org/2001/10/synthesis"" xmlns:mstts=""http://www.w3.org/2001/mstts"" xmlns:emo=""http://www.w3.org/2009/10/emotionml"" xml:lang=""en-GB""><voice name=""en-GB-RyanNeural"">Boosting output to 120%
</voice></speak>"
PolyGen Speech-0014,"Boosting output to 130%
","<!--ID=B7267351-473F-409D-9765-754A8EBCDE05;Version=1|{""VoiceNameToIdMapItems"":[{""Id"":""865ed125-9b77-4022-bf44-142ca2522695"",""Name"":""Microsoft Server Speech Text to Speech Voice (en-GB, RyanNeural)"",""ShortName"":""en-GB-RyanNeural"",""Locale"":""en-GB"",""VoiceType"":""StandardVoice""}]}-->
<!--ID=5B95B1CC-2C7B-494F-B746-CF22A0E779B7;Version=1|{""Locales"":{""en-GB"":{""AutoApplyCustomLexiconFiles"":[{}]}}}-->
<speak version=""1.0"" xmlns=""http://www.w3.org/2001/10/synthesis"" xmlns:mstts=""http://www.w3.org/2001/mstts"" xmlns:emo=""http://www.w3.org/2009/10/emotionml"" xml:lang=""en-GB""><voice name=""en-GB-RyanNeural"">Boosting output to 130%
</voice></speak>"
PolyGen Speech-0015,"Boosting output to 140%
","<!--ID=B7267351-473F-409D-9765-754A8EBCDE05;Version=1|{""VoiceNameToIdMapItems"":[{""Id"":""865ed125-9b77-4022-bf44-142ca2522695"",""Name"":""Microsoft Server Speech Text to Speech Voice (en-GB, RyanNeural)"",""ShortName"":""en-GB-RyanNeural"",""Locale"":""en-GB"",""VoiceType"":""StandardVoice""}]}-->
<!--ID=5B95B1CC-2C7B-494F-B746-CF22A0E779B7;Version=1|{""Locales"":{""en-GB"":{""AutoApplyCustomLexiconFiles"":[{}]}}}-->
<speak version=""1.0"" xmlns=""http://www.w3.org/2001/10/synthesis"" xmlns:mstts=""http://www.w3.org/2001/mstts"" xmlns:emo=""http://www.w3.org/2009/10/emotionml"" xml:lang=""en-GB""><voice name=""en-GB-RyanNeural"">Boosting output to 140%
</voice></speak>"
PolyGen Speech-0016,"Boosting output to 150%
","<!--ID=B7267351-473F-409D-9765-754A8EBCDE05;Version=1|{""VoiceNameToIdMapItems"":[{""Id"":""865ed125-9b77-4022-bf44-142ca2522695"",""Name"":""Microsoft Server Speech Text to Speech Voice (en-GB, RyanNeural)"",""ShortName"":""en-GB-RyanNeural"",""Locale"":""en-GB"",""VoiceType"":""StandardVoice""}]}-->
<!--ID=5B95B1CC-2C7B-494F-B746-CF22A0E779B7;Version=1|{""Locales"":{""en-GB"":{""AutoApplyCustomLexiconFiles"":[{}]}}}-->
<speak version=""1.0"" xmlns=""http://www.w3.org/2001/10/synthesis"" xmlns:mstts=""http://www.w3.org/2001/mstts"" xmlns:emo=""http://www.w3.org/2009/10/emotionml"" xml:lang=""en-GB""><voice name=""en-GB-RyanNeural"">Boosting output to 150%
</voice></speak>"
PolyGen Speech-0017,"Boosting output to 160%
","<!--ID=B7267351-473F-409D-9765-754A8EBCDE05;Version=1|{""VoiceNameToIdMapItems"":[{""Id"":""865ed125-9b77-4022-bf44-142ca2522695"",""Name"":""Microsoft Server Speech Text to Speech Voice (en-GB, RyanNeural)"",""ShortName"":""en-GB-RyanNeural"",""Locale"":""en-GB"",""VoiceType"":""StandardVoice""}]}-->
<!--ID=5B95B1CC-2C7B-494F-B746-CF22A0E779B7;Version=1|{""Locales"":{""en-GB"":{""AutoApplyCustomLexiconFiles"":[{}]}}}-->
<speak version=""1.0"" xmlns=""http://www.w3.org/2001/10/synthesis"" xmlns:mstts=""http://www.w3.org/2001/mstts"" xmlns:emo=""http://www.w3.org/2009/10/emotionml"" xml:lang=""en-GB""><voice name=""en-GB-RyanNeural"">Boosting output to 160%
</voice></speak>"
PolyGen Speech-0018,"Boosting output to 170%
","<!--ID=B7267351-473F-409D-9765-754A8EBCDE05;Version=1|{""VoiceNameToIdMapItems"":[{""Id"":""865ed125-9b77-4022-bf44-142ca2522695"",""Name"":""Microsoft Server Speech Text to Speech Voice (en-GB, RyanNeural)"",""ShortName"":""en-GB-RyanNeural"",""Locale"":""en-GB"",""VoiceType"":""StandardVoice""}]}-->
<!--ID=5B95B1CC-2C7B-494F-B746-CF22A0E779B7;Version=1|{""Locales"":{""en-GB"":{""AutoApplyCustomLexiconFiles"":[{}]}}}-->
<speak version=""1.0"" xmlns=""http://www.w3.org/2001/10/synthesis"" xmlns:mstts=""http://www.w3.org/2001/mstts"" xmlns:emo=""http://www.w3.org/2009/10/emotionml"" xml:lang=""en-GB""><voice name=""en-GB-RyanNeural"">Boosting output to 170%
</voice></speak>"
PolyGen Speech-0019,"Boosting output to 180%
","<!--ID=B7267351-473F-409D-9765-754A8EBCDE05;Version=1|{""VoiceNameToIdMapItems"":[{""Id"":""865ed125-9b77-4022-bf44-142ca2522695"",""Name"":""Microsoft Server Speech Text to Speech Voice (en-GB, RyanNeural)"",""ShortName"":""en-GB-RyanNeural"",""Locale"":""en-GB"",""VoiceType"":""StandardVoice""}]}-->
<!--ID=5B95B1CC-2C7B-494F-B746-CF22A0E779B7;Version=1|{""Locales"":{""en-GB"":{""AutoApplyCustomLexiconFiles"":[{}]}}}-->
<speak version=""1.0"" xmlns=""http://www.w3.org/2001/10/synthesis"" xmlns:mstts=""http://www.w3.org/2001/mstts"" xmlns:emo=""http://www.w3.org/2009/10/emotionml"" xml:lang=""en-GB""><voice name=""en-GB-RyanNeural"">Boosting output to 180%
</voice></speak>"
PolyGen Speech-0020,"Boosting output to 190%
","<!--ID=B7267351-473F-409D-9765-754A8EBCDE05;Version=1|{""VoiceNameToIdMapItems"":[{""Id"":""865ed125-9b77-4022-bf44-142ca2522695"",""Name"":""Microsoft Server Speech Text to Speech Voice (en-GB, RyanNeural)"",""ShortName"":""en-GB-RyanNeural"",""Locale"":""en-GB"",""VoiceType"":""StandardVoice""}]}-->
<!--ID=5B95B1CC-2C7B-494F-B746-CF22A0E779B7;Version=1|{""Locales"":{""en-GB"":{""AutoApplyCustomLexiconFiles"":[{}]}}}-->
<speak version=""1.0"" xmlns=""http://www.w3.org/2001/10/synthesis"" xmlns:mstts=""http://www.w3.org/2001/mstts"" xmlns:emo=""http://www.w3.org/2009/10/emotionml"" xml:lang=""en-GB""><voice name=""en-GB-RyanNeural"">Boosting output to 190%
</voice></speak>"
PolyGen Speech-0021,"Boosting output to 200%
","<!--ID=B7267351-473F-409D-9765-754A8EBCDE05;Version=1|{""VoiceNameToIdMapItems"":[{""Id"":""865ed125-9b77-4022-bf44-142ca2522695"",""Name"":""Microsoft Server Speech Text to Speech Voice (en-GB, RyanNeural)"",""ShortName"":""en-GB-RyanNeural"",""Locale"":""en-GB"",""VoiceType"":""StandardVoice""}]}-->
<!--ID=5B95B1CC-2C7B-494F-B746-CF22A0E779B7;Version=1|{""Locales"":{""en-GB"":{""AutoApplyCustomLexiconFiles"":[{}]}}}-->
<speak version=""1.0"" xmlns=""http://www.w3.org/2001/10/synthesis"" xmlns:mstts=""http://www.w3.org/2001/mstts"" xmlns:emo=""http://www.w3.org/2009/10/emotionml"" xml:lang=""en-GB""><voice name=""en-GB-RyanNeural"">Boosting output to 200%
</voice></speak>"
PolyGen Speech-0022,"Boosting output to over 200%
","<!--ID=B7267351-473F-409D-9765-754A8EBCDE05;Version=1|{""VoiceNameToIdMapItems"":[{""Id"":""865ed125-9b77-4022-bf44-142ca2522695"",""Name"":""Microsoft Server Speech Text to Speech Voice (en-GB, RyanNeural)"",""ShortName"":""en-GB-RyanNeural"",""Locale"":""en-GB"",""VoiceType"":""StandardVoice""}]}-->
<!--ID=5B95B1CC-2C7B-494F-B746-CF22A0E779B7;Version=1|{""Locales"":{""en-GB"":{""AutoApplyCustomLexiconFiles"":[{}]}}}-->
<speak version=""1.0"" xmlns=""http://www.w3.org/2001/10/synthesis"" xmlns:mstts=""http://www.w3.org/2001/mstts"" xmlns:emo=""http://www.w3.org/2009/10/emotionml"" xml:lang=""en-GB""><voice name=""en-GB-RyanNeural"">Boosting output to over 200%
</voice></speak>"
PolyGen Speech-0023,"Generator running hot, unable to boost output. Please wait a few minutes and try again.
","<!--ID=B7267351-473F-409D-9765-754A8EBCDE05;Version=1|{""VoiceNameToIdMapItems"":[{""Id"":""865ed125-9b77-4022-bf44-142ca2522695"",""Name"":""Microsoft Server Speech Text to Speech Voice (en-GB, RyanNeural)"",""ShortName"":""en-GB-RyanNeural"",""Locale"":""en-GB"",""VoiceType"":""StandardVoice""}]}-->
<!--ID=5B95B1CC-2C7B-494F-B746-CF22A0E779B7;Version=1|{""Locales"":{""en-GB"":{""AutoApplyCustomLexiconFiles"":[{}]}}}-->
<speak version=""1.0"" xmlns=""http://www.w3.org/2001/10/synthesis"" xmlns:mstts=""http://www.w3.org/2001/mstts"" xmlns:emo=""http://www.w3.org/2009/10/emotionml"" xml:lang=""en-GB""><voice name=""en-GB-RyanNeural"">Generator running hot, unable to boost output. Please wait a few minutes and try again.
</voice></speak>"
PolyGen Speech-0024,"Corporation selection timeout
","<!--ID=B7267351-473F-409D-9765-754A8EBCDE05;Version=1|{""VoiceNameToIdMapItems"":[{""Id"":""865ed125-9b77-4022-bf44-142ca2522695"",""Name"":""Microsoft Server Speech Text to Speech Voice (en-GB, RyanNeural)"",""ShortName"":""en-GB-RyanNeural"",""Locale"":""en-GB"",""VoiceType"":""StandardVoice""}]}-->
<!--ID=5B95B1CC-2C7B-494F-B746-CF22A0E779B7;Version=1|{""Locales"":{""en-GB"":{""AutoApplyCustomLexiconFiles"":[{}]}}}-->
<speak version=""1.0"" xmlns=""http://www.w3.org/2001/10/synthesis"" xmlns:mstts=""http://www.w3.org/2001/mstts"" xmlns:emo=""http://www.w3.org/2009/10/emotionml"" xml:lang=""en-GB""><voice name=""en-GB-RyanNeural"">Corporation selection timeout
</voice></speak>"
PolyGen Speech-0025,"Power redirection successful
","<!--ID=B7267351-473F-409D-9765-754A8EBCDE05;Version=1|{""VoiceNameToIdMapItems"":[{""Id"":""865ed125-9b77-4022-bf44-142ca2522695"",""Name"":""Microsoft Server Speech Text to Speech Voice (en-GB, RyanNeural)"",""ShortName"":""en-GB-RyanNeural"",""Locale"":""en-GB"",""VoiceType"":""StandardVoice""}]}-->
<!--ID=5B95B1CC-2C7B-494F-B746-CF22A0E779B7;Version=1|{""Locales"":{""en-GB"":{""AutoApplyCustomLexiconFiles"":[{}]}}}-->
<speak version=""1.0"" xmlns=""http://www.w3.org/2001/10/synthesis"" xmlns:mstts=""http://www.w3.org/2001/mstts"" xmlns:emo=""http://www.w3.org/2009/10/emotionml"" xml:lang=""en-GB""><voice name=""en-GB-RyanNeural"">Power redirection successful
</voice></speak>"
PolyGen Speech-0026,"New PolyGen operator detected. Welcome to PolyGen from Polybius Biotech. It is up to you to control where the power from these PolyGen portable fusion generators gets directed.  Which global corporation would you like to support?  Touch your token again when the company you wish to support is displayed.
","<!--ID=B7267351-473F-409D-9765-754A8EBCDE05;Version=1|{""VoiceNameToIdMapItems"":[{""Id"":""865ed125-9b77-4022-bf44-142ca2522695"",""Name"":""Microsoft Server Speech Text to Speech Voice (en-GB, RyanNeural)"",""ShortName"":""en-GB-RyanNeural"",""Locale"":""en-GB"",""VoiceType"":""StandardVoice""}]}-->
<!--ID=5B95B1CC-2C7B-494F-B746-CF22A0E779B7;Version=1|{""Locales"":{""en-GB"":{""AutoApplyCustomLexiconFiles"":[{}]}}}-->
<speak version=""1.0"" xmlns=""http://www.w3.org/2001/10/synthesis"" xmlns:mstts=""http://www.w3.org/2001/mstts"" xmlns:emo=""http://www.w3.org/2009/10/emotionml"" xml:lang=""en-GB""><voice name=""en-GB-RyanNeural"">New PolyGen operator detected. Welcome to PolyGen from Polybius Biotech. It is up to you to control where the power from these PolyGen portable fusion generators gets directed.  Which global corporation would you like to support?  Touch your token again when the company you wish to support is displayed.
</voice></speak>"
PolyGen Speech-0027,"Registering
","<!--ID=B7267351-473F-409D-9765-754A8EBCDE05;Version=1|{""VoiceNameToIdMapItems"":[{""Id"":""865ed125-9b77-4022-bf44-142ca2522695"",""Name"":""Microsoft Server Speech Text to Speech Voice (en-GB, RyanNeural)"",""ShortName"":""en-GB-RyanNeural"",""Locale"":""en-GB"",""VoiceType"":""StandardVoice""}]}-->
<!--ID=5B95B1CC-2C7B-494F-B746-CF22A0E779B7;Version=1|{""Locales"":{""en-GB"":{""AutoApplyCustomLexiconFiles"":[{}]}}}-->
<speak version=""1.0"" xmlns=""http://www.w3.org/2001/10/synthesis"" xmlns:mstts=""http://www.w3.org/2001/mstts"" xmlns:emo=""http://www.w3.org/2009/10/emotionml"" xml:lang=""en-GB""><voice name=""en-GB-RyanNeural"">Registering
</voice></speak>"
PolyGen Speech-0028,"Registration failed.  Please try again.
","<!--ID=B7267351-473F-409D-9765-754A8EBCDE05;Version=1|{""VoiceNameToIdMapItems"":[{""Id"":""865ed125-9b77-4022-bf44-142ca2522695"",""Name"":""Microsoft Server Speech Text to Speech Voice (en-GB, RyanNeural)"",""ShortName"":""en-GB-RyanNeural"",""Locale"":""en-GB"",""VoiceType"":""StandardVoice""}]}-->
<!--ID=5B95B1CC-2C7B-494F-B746-CF22A0E779B7;Version=1|{""Locales"":{""en-GB"":{""AutoApplyCustomLexiconFiles"":[{}]}}}-->
<speak version=""1.0"" xmlns=""http://www.w3.org/2001/10/synthesis"" xmlns:mstts=""http://www.w3.org/2001/mstts"" xmlns:emo=""http://www.w3.org/2009/10/emotionml"" xml:lang=""en-GB""><voice name=""en-GB-RyanNeural"">Registration failed.  Please try again.
</voice></speak>"
PolyGen Speech-0029,"Registered successfully. Locate other PolyGen from Polybius Biotech portable fusion generators and use your control token to direct the power to your chosen team.
","<!--ID=B7267351-473F-409D-9765-754A8EBCDE05;Version=1|{""VoiceNameToIdMapItems"":[{""Id"":""865ed125-9b77-4022-bf44-142ca2522695"",""Name"":""Microsoft Server Speech Text to Speech Voice (en-GB, RyanNeural)"",""ShortName"":""en-GB-RyanNeural"",""Locale"":""en-GB"",""VoiceType"":""StandardVoice""}]}-->
<!--ID=5B95B1CC-2C7B-494F-B746-CF22A0E779B7;Version=1|{""Locales"":{""en-GB"":{""AutoApplyCustomLexiconFiles"":[{}]}}}-->
<speak version=""1.0"" xmlns=""http://www.w3.org/2001/10/synthesis"" xmlns:mstts=""http://www.w3.org/2001/mstts"" xmlns:emo=""http://www.w3.org/2009/10/emotionml"" xml:lang=""en-GB""><voice name=""en-GB-RyanNeural"">Registered successfully. Locate other PolyGen from Polybius Biotech portable fusion generators and use your control token to direct the power to your chosen team.
</voice></speak>"
PolyGen Speech-0030,"Mastercard Accepted. Authorising donation to Polybius Biotech, please wait.  .  Just kidding!
","<!--ID=B7267351-473F-409D-9765-754A8EBCDE05;Version=1|{""VoiceNameToIdMapItems"":[{""Id"":""865ed125-9b77-4022-bf44-142ca2522695"",""Name"":""Microsoft Server Speech Text to Speech Voice (en-GB, RyanNeural)"",""ShortName"":""en-GB-RyanNeural"",""Locale"":""en-GB"",""VoiceType"":""StandardVoice""}]}-->
<!--ID=5B95B1CC-2C7B-494F-B746-CF22A0E779B7;Version=1|{""Locales"":{""en-GB"":{""AutoApplyCustomLexiconFiles"":[{}]}}}-->
<speak version=""1.0"" xmlns=""http://www.w3.org/2001/10/synthesis"" xmlns:mstts=""http://www.w3.org/2001/mstts"" xmlns:emo=""http://www.w3.org/2009/10/emotionml"" xml:lang=""en-GB""><voice name=""en-GB-RyanNeural"">Mastercard Accepted. Authorising donation to Polybius Biotech, please wait.  .  Just kidding!
</voice></speak>"
PolyGen Speech-0031,"Mastercard Credit Card Accepted. Authorising donation to Polybius Biotech, please wait.  .  Just kidding!
","<!--ID=B7267351-473F-409D-9765-754A8EBCDE05;Version=1|{""VoiceNameToIdMapItems"":[{""Id"":""865ed125-9b77-4022-bf44-142ca2522695"",""Name"":""Microsoft Server Speech Text to Speech Voice (en-GB, RyanNeural)"",""ShortName"":""en-GB-RyanNeural"",""Locale"":""en-GB"",""VoiceType"":""StandardVoice""}]}-->
<!--ID=5B95B1CC-2C7B-494F-B746-CF22A0E779B7;Version=1|{""Locales"":{""en-GB"":{""AutoApplyCustomLexiconFiles"":[{}]}}}-->
<speak version=""1.0"" xmlns=""http://www.w3.org/2001/10/synthesis"" xmlns:mstts=""http://www.w3.org/2001/mstts"" xmlns:emo=""http://www.w3.org/2009/10/emotionml"" xml:lang=""en-GB""><voice name=""en-GB-RyanNeural"">Mastercard Credit Card Accepted. Authorising donation to Polybius Biotech, please wait.  .  Just kidding!
</voice></speak>"
PolyGen Speech-0032,"Mastercard Debit Card Accepted. Authorising donation to Polybius Biotech, please wait.  .  Just kidding!
","<!--ID=B7267351-473F-409D-9765-754A8EBCDE05;Version=1|{""VoiceNameToIdMapItems"":[{""Id"":""865ed125-9b77-4022-bf44-142ca2522695"",""Name"":""Microsoft Server Speech Text to Speech Voice (en-GB, RyanNeural)"",""ShortName"":""en-GB-RyanNeural"",""Locale"":""en-GB"",""VoiceType"":""StandardVoice""}]}-->
<!--ID=5B95B1CC-2C7B-494F-B746-CF22A0E779B7;Version=1|{""Locales"":{""en-GB"":{""AutoApplyCustomLexiconFiles"":[{}]}}}-->
<speak version=""1.0"" xmlns=""http://www.w3.org/2001/10/synthesis"" xmlns:mstts=""http://www.w3.org/2001/mstts"" xmlns:emo=""http://www.w3.org/2009/10/emotionml"" xml:lang=""en-GB""><voice name=""en-GB-RyanNeural"">Mastercard Debit Card Accepted. Authorising donation to Polybius Biotech, please wait.  .  Just kidding!
</voice></speak>"
PolyGen Speech-0033,"Visa Card Accepted. Authorising donation to Polybius Biotech, please wait.  .  Just kidding!
","<!--ID=B7267351-473F-409D-9765-754A8EBCDE05;Version=1|{""VoiceNameToIdMapItems"":[{""Id"":""865ed125-9b77-4022-bf44-142ca2522695"",""Name"":""Microsoft Server Speech Text to Speech Voice (en-GB, RyanNeural)"",""ShortName"":""en-GB-RyanNeural"",""Locale"":""en-GB"",""VoiceType"":""StandardVoice""}]}-->
<!--ID=5B95B1CC-2C7B-494F-B746-CF22A0E779B7;Version=1|{""Locales"":{""en-GB"":{""AutoApplyCustomLexiconFiles"":[{}]}}}-->
<speak version=""1.0"" xmlns=""http://www.w3.org/2001/10/synthesis"" xmlns:mstts=""http://www.w3.org/2001/mstts"" xmlns:emo=""http://www.w3.org/2009/10/emotionml"" xml:lang=""en-GB""><voice name=""en-GB-RyanNeural"">Visa Card Accepted. Authorising donation to Polybius Biotech, please wait.  .  Just kidding!
</voice></speak>"
PolyGen Speech-0034,"Visa Debit Card Accepted. Authorising donation to Polybius Biotech, please wait.  .  Just kidding!
","<!--ID=B7267351-473F-409D-9765-754A8EBCDE05;Version=1|{""VoiceNameToIdMapItems"":[{""Id"":""865ed125-9b77-4022-bf44-142ca2522695"",""Name"":""Microsoft Server Speech Text to Speech Voice (en-GB, RyanNeural)"",""ShortName"":""en-GB-RyanNeural"",""Locale"":""en-GB"",""VoiceType"":""StandardVoice""}]}-->
<!--ID=5B95B1CC-2C7B-494F-B746-CF22A0E779B7;Version=1|{""Locales"":{""en-GB"":{""AutoApplyCustomLexiconFiles"":[{}]}}}-->
<speak version=""1.0"" xmlns=""http://www.w3.org/2001/10/synthesis"" xmlns:mstts=""http://www.w3.org/2001/mstts"" xmlns:emo=""http://www.w3.org/2009/10/emotionml"" xml:lang=""en-GB""><voice name=""en-GB-RyanNeural"">Visa Debit Card Accepted. Authorising donation to Polybius Biotech, please wait.  .  Just kidding!
</voice></speak>"
PolyGen Speech-0035,"Visa Credit Card Accepted. Authorising donation to Polybius Biotech, please wait.  .  Just kidding!
","<!--ID=B7267351-473F-409D-9765-754A8EBCDE05;Version=1|{""VoiceNameToIdMapItems"":[{""Id"":""865ed125-9b77-4022-bf44-142ca2522695"",""Name"":""Microsoft Server Speech Text to Speech Voice (en-GB, RyanNeural)"",""ShortName"":""en-GB-RyanNeural"",""Locale"":""en-GB"",""VoiceType"":""StandardVoice""}]}-->
<!--ID=5B95B1CC-2C7B-494F-B746-CF22A0E779B7;Version=1|{""Locales"":{""en-GB"":{""AutoApplyCustomLexiconFiles"":[{}]}}}-->
<speak version=""1.0"" xmlns=""http://www.w3.org/2001/10/synthesis"" xmlns:mstts=""http://www.w3.org/2001/mstts"" xmlns:emo=""http://www.w3.org/2009/10/emotionml"" xml:lang=""en-GB""><voice name=""en-GB-RyanNeural"">Visa Credit Card Accepted. Authorising donation to Polybius Biotech, please wait.  .  Just kidding!
</voice></speak>"
PolyGen Speech-0036,"Barclaycard Accepted. Authorising donation to Polybius Biotech, please wait.  .  Just kidding!
","<!--ID=B7267351-473F-409D-9765-754A8EBCDE05;Version=1|{""VoiceNameToIdMapItems"":[{""Id"":""865ed125-9b77-4022-bf44-142ca2522695"",""Name"":""Microsoft Server Speech Text to Speech Voice (en-GB, RyanNeural)"",""ShortName"":""en-GB-RyanNeural"",""Locale"":""en-GB"",""VoiceType"":""StandardVoice""}]}-->
<!--ID=5B95B1CC-2C7B-494F-B746-CF22A0E779B7;Version=1|{""Locales"":{""en-GB"":{""AutoApplyCustomLexiconFiles"":[{}]}}}-->
<speak version=""1.0"" xmlns=""http://www.w3.org/2001/10/synthesis"" xmlns:mstts=""http://www.w3.org/2001/mstts"" xmlns:emo=""http://www.w3.org/2009/10/emotionml"" xml:lang=""en-GB""><voice name=""en-GB-RyanNeural"">Barclaycard Accepted. Authorising donation to Polybius Biotech, please wait.  .  Just kidding!
</voice></speak>"
PolyGen Speech-0037,"The game is yet to start.  Please come back later.
","<!--ID=B7267351-473F-409D-9765-754A8EBCDE05;Version=1|{""VoiceNameToIdMapItems"":[{""Id"":""865ed125-9b77-4022-bf44-142ca2522695"",""Name"":""Microsoft Server Speech Text to Speech Voice (en-GB, RyanNeural)"",""ShortName"":""en-GB-RyanNeural"",""Locale"":""en-GB"",""VoiceType"":""StandardVoice""}]}-->
<!--ID=5B95B1CC-2C7B-494F-B746-CF22A0E779B7;Version=1|{""Locales"":{""en-GB"":{""AutoApplyCustomLexiconFiles"":[{}]}}}-->
<speak version=""1.0"" xmlns=""http://www.w3.org/2001/10/synthesis"" xmlns:mstts=""http://www.w3.org/2001/mstts"" xmlns:emo=""http://www.w3.org/2009/10/emotionml"" xml:lang=""en-GB""><voice name=""en-GB-RyanNeural"">The game is yet to start.  Please come back later.
</voice></speak>"
PolyGen Speech-0038,"The game is over.  The winning team is
","<!--ID=B7267351-473F-409D-9765-754A8EBCDE05;Version=1|{""VoiceNameToIdMapItems"":[{""Id"":""865ed125-9b77-4022-bf44-142ca2522695"",""Name"":""Microsoft Server Speech Text to Speech Voice (en-GB, RyanNeural)"",""ShortName"":""en-GB-RyanNeural"",""Locale"":""en-GB"",""VoiceType"":""StandardVoice""}]}-->
<!--ID=5B95B1CC-2C7B-494F-B746-CF22A0E779B7;Version=1|{""Locales"":{""en-GB"":{""AutoApplyCustomLexiconFiles"":[{}]}}}-->
<speak version=""1.0"" xmlns=""http://www.w3.org/2001/10/synthesis"" xmlns:mstts=""http://www.w3.org/2001/mstts"" xmlns:emo=""http://www.w3.org/2009/10/emotionml"" xml:lang=""en-GB""><voice name=""en-GB-RyanNeural"">The game is over.  The winning team is
</voice></speak>"
PolyGen Speech-0039,"PolyGen control systems are not responding, please try again later.
","<!--ID=B7267351-473F-409D-9765-754A8EBCDE05;Version=1|{""VoiceNameToIdMapItems"":[{""Id"":""865ed125-9b77-4022-bf44-142ca2522695"",""Name"":""Microsoft Server Speech Text to Speech Voice (en-GB, RyanNeural)"",""ShortName"":""en-GB-RyanNeural"",""Locale"":""en-GB"",""VoiceType"":""StandardVoice""}]}-->
<!--ID=5B95B1CC-2C7B-494F-B746-CF22A0E779B7;Version=1|{""Locales"":{""en-GB"":{""AutoApplyCustomLexiconFiles"":[{}]}}}-->
<speak version=""1.0"" xmlns=""http://www.w3.org/2001/10/synthesis"" xmlns:mstts=""http://www.w3.org/2001/mstts"" xmlns:emo=""http://www.w3.org/2009/10/emotionml"" xml:lang=""en-GB""><voice name=""en-GB-RyanNeural"">PolyGen control systems are not responding, please try again later.
</voice></speak>"
PolyGen Speech-0040,"Welcome back EMF Camp player
","<!--ID=B7267351-473F-409D-9765-754A8EBCDE05;Version=1|{""VoiceNameToIdMapItems"":[{""Id"":""865ed125-9b77-4022-bf44-142ca2522695"",""Name"":""Microsoft Server Speech Text to Speech Voice (en-GB, RyanNeural)"",""ShortName"":""en-GB-RyanNeural"",""Locale"":""en-GB"",""VoiceType"":""StandardVoice""}]}-->
<!--ID=5B95B1CC-2C7B-494F-B746-CF22A0E779B7;Version=1|{""Locales"":{""en-GB"":{""AutoApplyCustomLexiconFiles"":[{}]}}}-->
<speak version=""1.0"" xmlns=""http://www.w3.org/2001/10/synthesis"" xmlns:mstts=""http://www.w3.org/2001/mstts"" xmlns:emo=""http://www.w3.org/2009/10/emotionml"" xml:lang=""en-GB""><voice name=""en-GB-RyanNeural"">Welcome back EMF Camp player
</voice></speak>"
PolyGen Speech-0041,"Welcome back MCH player
","<!--ID=B7267351-473F-409D-9765-754A8EBCDE05;Version=1|{""VoiceNameToIdMapItems"":[{""Id"":""865ed125-9b77-4022-bf44-142ca2522695"",""Name"":""Microsoft Server Speech Text to Speech Voice (en-GB, RyanNeural)"",""ShortName"":""en-GB-RyanNeural"",""Locale"":""en-GB"",""VoiceType"":""StandardVoice""}]}-->
<!--ID=5B95B1CC-2C7B-494F-B746-CF22A0E779B7;Version=1|{""Locales"":{""en-GB"":{""AutoApplyCustomLexiconFiles"":[{}]}}}-->
<speak version=""1.0"" xmlns=""http://www.w3.org/2001/10/synthesis"" xmlns:mstts=""http://www.w3.org/2001/mstts"" xmlns:emo=""http://www.w3.org/2009/10/emotionml"" xml:lang=""en-GB""><voice name=""en-GB-RyanNeural"">Welcome back MCH player
</voice></speak>"
PolyGen Speech-0042,"Welcome back MCH and EMF Camp player
","<!--ID=B7267351-473F-409D-9765-754A8EBCDE05;Version=1|{""VoiceNameToIdMapItems"":[{""Id"":""865ed125-9b77-4022-bf44-142ca2522695"",""Name"":""Microsoft Server Speech Text to Speech Voice (en-GB, RyanNeural)"",""ShortName"":""en-GB-RyanNeural"",""Locale"":""en-GB"",""VoiceType"":""StandardVoice""}]}-->
<!--ID=5B95B1CC-2C7B-494F-B746-CF22A0E779B7;Version=1|{""Locales"":{""en-GB"":{""AutoApplyCustomLexiconFiles"":[{}]}}}-->
<speak version=""1.0"" xmlns=""http://www.w3.org/2001/10/synthesis"" xmlns:mstts=""http://www.w3.org/2001/mstts"" xmlns:emo=""http://www.w3.org/2009/10/emotionml"" xml:lang=""en-GB""><voice name=""en-GB-RyanNeural"">Welcome back MCH and EMF Camp player
</voice></speak>"
PolyGen Speech-0043,"Power redirection failed.
","<!--ID=B7267351-473F-409D-9765-754A8EBCDE05;Version=1|{""VoiceNameToIdMapItems"":[{""Id"":""865ed125-9b77-4022-bf44-142ca2522695"",""Name"":""Microsoft Server Speech Text to Speech Voice (en-GB, RyanNeural)"",""ShortName"":""en-GB-RyanNeural"",""Locale"":""en-GB"",""VoiceType"":""StandardVoice""}]}-->
<!--ID=5B95B1CC-2C7B-494F-B746-CF22A0E779B7;Version=1|{""Locales"":{""en-GB"":{""AutoApplyCustomLexiconFiles"":[{}]}}}-->
<speak version=""1.0"" xmlns=""http://www.w3.org/2001/10/synthesis"" xmlns:mstts=""http://www.w3.org/2001/mstts"" xmlns:emo=""http://www.w3.org/2009/10/emotionml"" xml:lang=""en-GB""><voice name=""en-GB-RyanNeural"">Power redirection failed.
</voice></speak>"
PolyGen Speech-0044,"PolyGen Fusion Generator Online
","<!--ID=B7267351-473F-409D-9765-754A8EBCDE05;Version=1|{""VoiceNameToIdMapItems"":[{""Id"":""865ed125-9b77-4022-bf44-142ca2522695"",""Name"":""Microsoft Server Speech Text to Speech Voice (en-GB, RyanNeural)"",""ShortName"":""en-GB-RyanNeural"",""Locale"":""en-GB"",""VoiceType"":""StandardVoice""}]}-->
<!--ID=5B95B1CC-2C7B-494F-B746-CF22A0E779B7;Version=1|{""Locales"":{""en-GB"":{""AutoApplyCustomLexiconFiles"":[{}]}}}-->
<speak version=""1.0"" xmlns=""http://www.w3.org/2001/10/synthesis"" xmlns:mstts=""http://www.w3.org/2001/mstts"" xmlns:emo=""http://www.w3.org/2009/10/emotionml"" xml:lang=""en-GB""><voice name=""en-GB-RyanNeural"">PolyGen Fusion Generator Online
</voice></speak>"