﻿File name,Plain text,SSML
PolyGen Speech-0001,"1
","<!--ID=B7267351-473F-409D-9765-754A8EBCDE05;Version=1|{""VoiceNameToIdMapItems"":[{""Id"":""c08e4841-7cad-46b1-b4a7-93e996c7f5f9"",""Name"":""Microsoft Server Speech Text to Speech Voice (en-GB, BellaNeural)"",""ShortName"":""en-GB-BellaNeural"",""Locale"":""en-GB"",""VoiceType"":""StandardVoice""}]}-->
<!--ID=5B95B1CC-2C7B-494F-B746-CF22A0E779B7;Version=1|{""Locales"":{""en-GB"":{""AutoApplyCustomLexiconFiles"":[{}]},""de-DE"":{""AutoApplyCustomLexiconFiles"":[{}]}}}-->
<speak version=""1.0"" xmlns=""http://www.w3.org/2001/10/synthesis"" xmlns:mstts=""http://www.w3.org/2001/mstts"" xmlns:emo=""http://www.w3.org/2009/10/emotionml"" xml:lang=""en-GB""><voice name=""en-GB-BellaNeural"">1
</voice></speak>"
PolyGen Speech-0002,"2
","<!--ID=B7267351-473F-409D-9765-754A8EBCDE05;Version=1|{""VoiceNameToIdMapItems"":[{""Id"":""c08e4841-7cad-46b1-b4a7-93e996c7f5f9"",""Name"":""Microsoft Server Speech Text to Speech Voice (en-GB, BellaNeural)"",""ShortName"":""en-GB-BellaNeural"",""Locale"":""en-GB"",""VoiceType"":""StandardVoice""}]}-->
<!--ID=5B95B1CC-2C7B-494F-B746-CF22A0E779B7;Version=1|{""Locales"":{""en-GB"":{""AutoApplyCustomLexiconFiles"":[{}]},""de-DE"":{""AutoApplyCustomLexiconFiles"":[{}]}}}-->
<speak version=""1.0"" xmlns=""http://www.w3.org/2001/10/synthesis"" xmlns:mstts=""http://www.w3.org/2001/mstts"" xmlns:emo=""http://www.w3.org/2009/10/emotionml"" xml:lang=""en-GB""><voice name=""en-GB-BellaNeural"">2
</voice></speak>"
PolyGen Speech-0003,"3
","<!--ID=B7267351-473F-409D-9765-754A8EBCDE05;Version=1|{""VoiceNameToIdMapItems"":[{""Id"":""c08e4841-7cad-46b1-b4a7-93e996c7f5f9"",""Name"":""Microsoft Server Speech Text to Speech Voice (en-GB, BellaNeural)"",""ShortName"":""en-GB-BellaNeural"",""Locale"":""en-GB"",""VoiceType"":""StandardVoice""}]}-->
<!--ID=5B95B1CC-2C7B-494F-B746-CF22A0E779B7;Version=1|{""Locales"":{""en-GB"":{""AutoApplyCustomLexiconFiles"":[{}]},""de-DE"":{""AutoApplyCustomLexiconFiles"":[{}]}}}-->
<speak version=""1.0"" xmlns=""http://www.w3.org/2001/10/synthesis"" xmlns:mstts=""http://www.w3.org/2001/mstts"" xmlns:emo=""http://www.w3.org/2009/10/emotionml"" xml:lang=""en-GB""><voice name=""en-GB-BellaNeural"">3
</voice></speak>"
PolyGen Speech-0004,"4
","<!--ID=B7267351-473F-409D-9765-754A8EBCDE05;Version=1|{""VoiceNameToIdMapItems"":[{""Id"":""c08e4841-7cad-46b1-b4a7-93e996c7f5f9"",""Name"":""Microsoft Server Speech Text to Speech Voice (en-GB, BellaNeural)"",""ShortName"":""en-GB-BellaNeural"",""Locale"":""en-GB"",""VoiceType"":""StandardVoice""}]}-->
<!--ID=5B95B1CC-2C7B-494F-B746-CF22A0E779B7;Version=1|{""Locales"":{""en-GB"":{""AutoApplyCustomLexiconFiles"":[{}]},""de-DE"":{""AutoApplyCustomLexiconFiles"":[{}]}}}-->
<speak version=""1.0"" xmlns=""http://www.w3.org/2001/10/synthesis"" xmlns:mstts=""http://www.w3.org/2001/mstts"" xmlns:emo=""http://www.w3.org/2009/10/emotionml"" xml:lang=""en-GB""><voice name=""en-GB-BellaNeural"">4
</voice></speak>"
PolyGen Speech-0005,"5
","<!--ID=B7267351-473F-409D-9765-754A8EBCDE05;Version=1|{""VoiceNameToIdMapItems"":[{""Id"":""c08e4841-7cad-46b1-b4a7-93e996c7f5f9"",""Name"":""Microsoft Server Speech Text to Speech Voice (en-GB, BellaNeural)"",""ShortName"":""en-GB-BellaNeural"",""Locale"":""en-GB"",""VoiceType"":""StandardVoice""}]}-->
<!--ID=5B95B1CC-2C7B-494F-B746-CF22A0E779B7;Version=1|{""Locales"":{""en-GB"":{""AutoApplyCustomLexiconFiles"":[{}]},""de-DE"":{""AutoApplyCustomLexiconFiles"":[{}]}}}-->
<speak version=""1.0"" xmlns=""http://www.w3.org/2001/10/synthesis"" xmlns:mstts=""http://www.w3.org/2001/mstts"" xmlns:emo=""http://www.w3.org/2009/10/emotionml"" xml:lang=""en-GB""><voice name=""en-GB-BellaNeural"">5
</voice></speak>"
PolyGen Speech-0006,"6
","<!--ID=B7267351-473F-409D-9765-754A8EBCDE05;Version=1|{""VoiceNameToIdMapItems"":[{""Id"":""c08e4841-7cad-46b1-b4a7-93e996c7f5f9"",""Name"":""Microsoft Server Speech Text to Speech Voice (en-GB, BellaNeural)"",""ShortName"":""en-GB-BellaNeural"",""Locale"":""en-GB"",""VoiceType"":""StandardVoice""}]}-->
<!--ID=5B95B1CC-2C7B-494F-B746-CF22A0E779B7;Version=1|{""Locales"":{""en-GB"":{""AutoApplyCustomLexiconFiles"":[{}]},""de-DE"":{""AutoApplyCustomLexiconFiles"":[{}]}}}-->
<speak version=""1.0"" xmlns=""http://www.w3.org/2001/10/synthesis"" xmlns:mstts=""http://www.w3.org/2001/mstts"" xmlns:emo=""http://www.w3.org/2009/10/emotionml"" xml:lang=""en-GB""><voice name=""en-GB-BellaNeural"">6
</voice></speak>"
PolyGen Speech-0007,"7
","<!--ID=B7267351-473F-409D-9765-754A8EBCDE05;Version=1|{""VoiceNameToIdMapItems"":[{""Id"":""c08e4841-7cad-46b1-b4a7-93e996c7f5f9"",""Name"":""Microsoft Server Speech Text to Speech Voice (en-GB, BellaNeural)"",""ShortName"":""en-GB-BellaNeural"",""Locale"":""en-GB"",""VoiceType"":""StandardVoice""}]}-->
<!--ID=5B95B1CC-2C7B-494F-B746-CF22A0E779B7;Version=1|{""Locales"":{""en-GB"":{""AutoApplyCustomLexiconFiles"":[{}]},""de-DE"":{""AutoApplyCustomLexiconFiles"":[{}]}}}-->
<speak version=""1.0"" xmlns=""http://www.w3.org/2001/10/synthesis"" xmlns:mstts=""http://www.w3.org/2001/mstts"" xmlns:emo=""http://www.w3.org/2009/10/emotionml"" xml:lang=""en-GB""><voice name=""en-GB-BellaNeural"">7
</voice></speak>"
PolyGen Speech-0008,"8
","<!--ID=B7267351-473F-409D-9765-754A8EBCDE05;Version=1|{""VoiceNameToIdMapItems"":[{""Id"":""c08e4841-7cad-46b1-b4a7-93e996c7f5f9"",""Name"":""Microsoft Server Speech Text to Speech Voice (en-GB, BellaNeural)"",""ShortName"":""en-GB-BellaNeural"",""Locale"":""en-GB"",""VoiceType"":""StandardVoice""}]}-->
<!--ID=5B95B1CC-2C7B-494F-B746-CF22A0E779B7;Version=1|{""Locales"":{""en-GB"":{""AutoApplyCustomLexiconFiles"":[{}]},""de-DE"":{""AutoApplyCustomLexiconFiles"":[{}]}}}-->
<speak version=""1.0"" xmlns=""http://www.w3.org/2001/10/synthesis"" xmlns:mstts=""http://www.w3.org/2001/mstts"" xmlns:emo=""http://www.w3.org/2009/10/emotionml"" xml:lang=""en-GB""><voice name=""en-GB-BellaNeural"">8
</voice></speak>"
PolyGen Speech-0009,"9
","<!--ID=B7267351-473F-409D-9765-754A8EBCDE05;Version=1|{""VoiceNameToIdMapItems"":[{""Id"":""c08e4841-7cad-46b1-b4a7-93e996c7f5f9"",""Name"":""Microsoft Server Speech Text to Speech Voice (en-GB, BellaNeural)"",""ShortName"":""en-GB-BellaNeural"",""Locale"":""en-GB"",""VoiceType"":""StandardVoice""}]}-->
<!--ID=5B95B1CC-2C7B-494F-B746-CF22A0E779B7;Version=1|{""Locales"":{""en-GB"":{""AutoApplyCustomLexiconFiles"":[{}]},""de-DE"":{""AutoApplyCustomLexiconFiles"":[{}]}}}-->
<speak version=""1.0"" xmlns=""http://www.w3.org/2001/10/synthesis"" xmlns:mstts=""http://www.w3.org/2001/mstts"" xmlns:emo=""http://www.w3.org/2009/10/emotionml"" xml:lang=""en-GB""><voice name=""en-GB-BellaNeural"">9
</voice></speak>"
PolyGen Speech-0010,"0
","<!--ID=B7267351-473F-409D-9765-754A8EBCDE05;Version=1|{""VoiceNameToIdMapItems"":[{""Id"":""c08e4841-7cad-46b1-b4a7-93e996c7f5f9"",""Name"":""Microsoft Server Speech Text to Speech Voice (en-GB, BellaNeural)"",""ShortName"":""en-GB-BellaNeural"",""Locale"":""en-GB"",""VoiceType"":""StandardVoice""}]}-->
<!--ID=5B95B1CC-2C7B-494F-B746-CF22A0E779B7;Version=1|{""Locales"":{""en-GB"":{""AutoApplyCustomLexiconFiles"":[{}]},""de-DE"":{""AutoApplyCustomLexiconFiles"":[{}]}}}-->
<speak version=""1.0"" xmlns=""http://www.w3.org/2001/10/synthesis"" xmlns:mstts=""http://www.w3.org/2001/mstts"" xmlns:emo=""http://www.w3.org/2009/10/emotionml"" xml:lang=""en-GB""><voice name=""en-GB-BellaNeural"">0
</voice></speak>"
PolyGen Speech-0011,"A
","<!--ID=B7267351-473F-409D-9765-754A8EBCDE05;Version=1|{""VoiceNameToIdMapItems"":[{""Id"":""c08e4841-7cad-46b1-b4a7-93e996c7f5f9"",""Name"":""Microsoft Server Speech Text to Speech Voice (en-GB, BellaNeural)"",""ShortName"":""en-GB-BellaNeural"",""Locale"":""en-GB"",""VoiceType"":""StandardVoice""}]}-->
<!--ID=5B95B1CC-2C7B-494F-B746-CF22A0E779B7;Version=1|{""Locales"":{""en-GB"":{""AutoApplyCustomLexiconFiles"":[{}]},""de-DE"":{""AutoApplyCustomLexiconFiles"":[{}]}}}-->
<speak version=""1.0"" xmlns=""http://www.w3.org/2001/10/synthesis"" xmlns:mstts=""http://www.w3.org/2001/mstts"" xmlns:emo=""http://www.w3.org/2009/10/emotionml"" xml:lang=""en-GB""><voice name=""en-GB-BellaNeural"">A
</voice></speak>"
PolyGen Speech-0012,"B
","<!--ID=B7267351-473F-409D-9765-754A8EBCDE05;Version=1|{""VoiceNameToIdMapItems"":[{""Id"":""c08e4841-7cad-46b1-b4a7-93e996c7f5f9"",""Name"":""Microsoft Server Speech Text to Speech Voice (en-GB, BellaNeural)"",""ShortName"":""en-GB-BellaNeural"",""Locale"":""en-GB"",""VoiceType"":""StandardVoice""}]}-->
<!--ID=5B95B1CC-2C7B-494F-B746-CF22A0E779B7;Version=1|{""Locales"":{""en-GB"":{""AutoApplyCustomLexiconFiles"":[{}]},""de-DE"":{""AutoApplyCustomLexiconFiles"":[{}]}}}-->
<speak version=""1.0"" xmlns=""http://www.w3.org/2001/10/synthesis"" xmlns:mstts=""http://www.w3.org/2001/mstts"" xmlns:emo=""http://www.w3.org/2009/10/emotionml"" xml:lang=""en-GB""><voice name=""en-GB-BellaNeural"">B
</voice></speak>"
PolyGen Speech-0013,"C
","<!--ID=B7267351-473F-409D-9765-754A8EBCDE05;Version=1|{""VoiceNameToIdMapItems"":[{""Id"":""c08e4841-7cad-46b1-b4a7-93e996c7f5f9"",""Name"":""Microsoft Server Speech Text to Speech Voice (en-GB, BellaNeural)"",""ShortName"":""en-GB-BellaNeural"",""Locale"":""en-GB"",""VoiceType"":""StandardVoice""}]}-->
<!--ID=5B95B1CC-2C7B-494F-B746-CF22A0E779B7;Version=1|{""Locales"":{""en-GB"":{""AutoApplyCustomLexiconFiles"":[{}]},""de-DE"":{""AutoApplyCustomLexiconFiles"":[{}]}}}-->
<speak version=""1.0"" xmlns=""http://www.w3.org/2001/10/synthesis"" xmlns:mstts=""http://www.w3.org/2001/mstts"" xmlns:emo=""http://www.w3.org/2009/10/emotionml"" xml:lang=""en-GB""><voice name=""en-GB-BellaNeural"">C
</voice></speak>"
PolyGen Speech-0014,"D
","<!--ID=B7267351-473F-409D-9765-754A8EBCDE05;Version=1|{""VoiceNameToIdMapItems"":[{""Id"":""c08e4841-7cad-46b1-b4a7-93e996c7f5f9"",""Name"":""Microsoft Server Speech Text to Speech Voice (en-GB, BellaNeural)"",""ShortName"":""en-GB-BellaNeural"",""Locale"":""en-GB"",""VoiceType"":""StandardVoice""}]}-->
<!--ID=5B95B1CC-2C7B-494F-B746-CF22A0E779B7;Version=1|{""Locales"":{""en-GB"":{""AutoApplyCustomLexiconFiles"":[{}]},""de-DE"":{""AutoApplyCustomLexiconFiles"":[{}]}}}-->
<speak version=""1.0"" xmlns=""http://www.w3.org/2001/10/synthesis"" xmlns:mstts=""http://www.w3.org/2001/mstts"" xmlns:emo=""http://www.w3.org/2009/10/emotionml"" xml:lang=""en-GB""><voice name=""en-GB-BellaNeural"">D
</voice></speak>"
PolyGen Speech-0015,"E
","<!--ID=B7267351-473F-409D-9765-754A8EBCDE05;Version=1|{""VoiceNameToIdMapItems"":[{""Id"":""c08e4841-7cad-46b1-b4a7-93e996c7f5f9"",""Name"":""Microsoft Server Speech Text to Speech Voice (en-GB, BellaNeural)"",""ShortName"":""en-GB-BellaNeural"",""Locale"":""en-GB"",""VoiceType"":""StandardVoice""}]}-->
<!--ID=5B95B1CC-2C7B-494F-B746-CF22A0E779B7;Version=1|{""Locales"":{""en-GB"":{""AutoApplyCustomLexiconFiles"":[{}]},""de-DE"":{""AutoApplyCustomLexiconFiles"":[{}]}}}-->
<speak version=""1.0"" xmlns=""http://www.w3.org/2001/10/synthesis"" xmlns:mstts=""http://www.w3.org/2001/mstts"" xmlns:emo=""http://www.w3.org/2009/10/emotionml"" xml:lang=""en-GB""><voice name=""en-GB-BellaNeural"">E
</voice></speak>"
PolyGen Speech-0016,"F","<!--ID=B7267351-473F-409D-9765-754A8EBCDE05;Version=1|{""VoiceNameToIdMapItems"":[{""Id"":""c08e4841-7cad-46b1-b4a7-93e996c7f5f9"",""Name"":""Microsoft Server Speech Text to Speech Voice (en-GB, BellaNeural)"",""ShortName"":""en-GB-BellaNeural"",""Locale"":""en-GB"",""VoiceType"":""StandardVoice""}]}-->
<!--ID=5B95B1CC-2C7B-494F-B746-CF22A0E779B7;Version=1|{""Locales"":{""en-GB"":{""AutoApplyCustomLexiconFiles"":[{}]},""de-DE"":{""AutoApplyCustomLexiconFiles"":[{}]}}}-->
<speak version=""1.0"" xmlns=""http://www.w3.org/2001/10/synthesis"" xmlns:mstts=""http://www.w3.org/2001/mstts"" xmlns:emo=""http://www.w3.org/2009/10/emotionml"" xml:lang=""en-GB""><voice name=""en-GB-BellaNeural"">F</voice></speak>"